City_ID,City,Long,Lat,Max Temp,Humidity,Cloudiness,Wind Speed,Country,Date
0,vaini,-175.2,-21.2,31.09,84,75,5.14,TO,2023-01-21 14:09:00
1,rikitea,-134.9692,-23.1203,26.11,72,71,4.06,PF,2023-01-21 14:09:01
2,port alfred,26.891,-33.5906,21.77,97,6,3.2,ZA,2023-01-21 14:09:01
3,busselton,115.3333,-33.65,29.23,37,0,3.42,AU,2023-01-21 14:09:02
4,serowe,26.7167,-22.3833,18.35,66,46,2.19,BW,2023-01-21 14:09:03
5,kumhari,81.5167,21.2667,20.19,54,39,1.33,IN,2023-01-21 14:09:04
6,mar del plata,-57.5575,-38.0023,22.83,93,100,5.36,AR,2023-01-21 14:09:05
7,warrnambool,142.4833,-38.3833,19.25,69,100,6.45,AU,2023-01-21 14:09:05
8,bluff,168.3333,-46.6,14.21,54,53,4.45,NZ,2023-01-21 14:09:06
9,ostrovnoy,39.5131,68.0531,-3.84,91,48,7.57,RU,2023-01-21 14:09:07
10,pergamino,-60.5736,-33.89,20.66,97,98,3.23,AR,2023-01-21 14:09:08
11,san pedro de macoris,-69.2972,18.4616,22.34,88,0,3.62,DO,2023-01-21 14:09:08
12,klaksvik,-6.589,62.2266,7.51,95,100,18.69,FO,2023-01-21 14:09:09
13,barrow,-156.7887,71.2906,-18.99,78,100,3.6,US,2023-01-21 14:09:10
14,lata,-8.3327,40.1629,12.82,94,100,2.74,PT,2023-01-21 14:09:11
15,iquique,-70.1431,-20.2208,20.13,83,69,0.68,CL,2023-01-21 14:00:25
16,ushuaia,-68.3,-54.8,10.21,92,78,2.61,AR,2023-01-21 14:09:12
17,namwala,26.4384,-15.7504,18.05,99,100,1.14,ZM,2023-01-21 14:09:13
18,martil,-5.2752,35.6166,13.09,85,15,5.09,MA,2023-01-21 14:09:14
19,sao filipe,-24.4956,14.8961,21.82,69,2,5.71,CV,2023-01-21 14:09:15
20,bambous virieux,57.7575,-20.3428,24.56,89,100,3.21,MU,2023-01-21 14:09:16
21,longyearbyen,15.6401,78.2186,-2.09,80,75,8.75,SJ,2023-01-21 14:07:33
22,yendi,-0.0099,9.4427,24.98,19,74,2.14,GH,2023-01-21 14:09:17
23,hithadhoo,73.0833,-0.6,26.95,67,77,5.48,MV,2023-01-21 14:09:18
24,ugoofaaru,73.0,5.6667,26.12,60,12,4.25,MV,2023-01-21 14:09:19
25,mataura,168.8643,-46.1927,18.2,36,4,2.99,NZ,2023-01-21 14:09:19
26,aguimes,-15.4461,27.9054,17.35,63,75,9.26,ES,2023-01-21 14:09:20
27,butaritari,172.7902,3.0707,27.53,75,72,7.01,KI,2023-01-21 14:09:21
28,hobart,147.3294,-42.8794,21.79,77,75,4.63,AU,2023-01-21 14:09:22
29,tukums,23.1553,56.9669,-4.36,92,100,2.34,LV,2023-01-21 14:09:22
30,suarez,-76.6964,2.954,19.55,97,100,0.44,CO,2023-01-21 14:09:23
31,east london,27.9116,-33.0153,22.76,88,1,4.08,ZA,2023-01-21 14:09:24
32,arraial do cabo,-42.0278,-22.9661,22.4,92,100,7.02,BR,2023-01-21 14:05:16
33,tuktoyaktuk,-133.0374,69.4541,-26.0,76,100,1.03,CA,2023-01-21 14:09:25
34,avarua,-159.775,-21.2078,27.03,83,75,6.69,CK,2023-01-21 14:09:26
35,saint-philippe,55.7679,-21.3585,25.77,84,100,2.63,RE,2023-01-21 14:09:26
36,ribeira grande,-28.7,38.5167,16.54,86,49,7.15,PT,2023-01-21 14:09:27
37,sioux lookout,-91.917,50.1001,-7.64,93,100,3.14,CA,2023-01-21 14:09:28
38,katastarion,20.7667,37.8333,11.94,69,92,13.63,GR,2023-01-21 14:09:28
39,carnarvon,113.6333,-24.8667,27.5,66,1,6.64,AU,2023-01-21 14:09:29
40,bonavista,-53.1147,48.6499,-0.7,94,100,8.83,CA,2023-01-21 14:09:30
41,cabo san lucas,-109.9124,22.8909,20.28,71,0,3.11,MX,2023-01-21 14:00:03
42,castro,-50.0119,-24.7911,16.15,95,3,1.84,BR,2023-01-21 14:09:31
43,tautira,-149.15,-17.7333,26.86,69,81,3.01,PF,2023-01-21 14:09:32
44,dikson,80.5464,73.5069,-24.87,71,100,15.09,RU,2023-01-21 14:09:33
45,jamestown,-79.2353,42.097,-0.23,72,100,5.14,US,2023-01-21 14:09:33
46,sira,76.9092,13.7453,20.54,65,53,2.45,IN,2023-01-21 14:09:34
47,hovd,91.6419,48.0056,-13.58,76,100,1.0,MN,2023-01-21 14:09:35
48,kahului,-156.47,20.8947,27.01,69,40,2.57,US,2023-01-21 14:09:37
49,jamiltepec,-97.8167,16.2833,19.06,84,13,1.24,MX,2023-01-21 14:09:37
50,cherskiy,161.3,68.75,-40.77,100,100,1.4,RU,2023-01-21 14:09:38
51,georgetown,100.3354,5.4112,27.96,78,20,4.12,MY,2023-01-21 14:07:29
52,ust-omchug,149.6333,61.15,-30.98,95,100,3.78,RU,2023-01-21 14:09:39
53,thompson,-97.8558,55.7435,-10.47,96,100,2.16,CA,2023-01-21 14:08:22
54,igarka,86.5833,67.4667,-38.6,88,93,3.27,RU,2023-01-21 14:09:40
55,verkhnevilyuysk,120.3167,63.4453,-46.79,98,64,0.77,RU,2023-01-21 14:09:41
56,lavrentiya,-171.0,65.5833,-33.77,93,33,3.22,RU,2023-01-21 14:09:42
57,tabuk,121.4443,17.4189,22.64,86,90,1.85,PH,2023-01-21 14:09:42
58,atuona,-139.0333,-9.8,26.12,77,9,7.45,PF,2023-01-21 14:09:43
59,svetlaya,138.3297,46.5389,-15.97,45,7,4.19,RU,2023-01-21 14:09:44
60,albany,-73.9662,42.6001,1.43,80,72,0.45,US,2023-01-21 14:09:45
61,ancud,-73.8203,-41.8697,14.2,94,62,2.56,CL,2023-01-21 14:09:45
62,hermanus,19.2345,-34.4187,19.33,88,0,1.2,ZA,2023-01-21 14:09:46
63,new norfolk,147.0587,-42.7826,21.6,51,98,0.45,AU,2023-01-21 14:09:47
64,mahebourg,57.7,-20.4081,24.58,87,100,3.31,MU,2023-01-21 14:09:47
65,kapaa,-159.319,22.0752,26.18,75,100,9.26,US,2023-01-21 14:09:48
66,nemuro,145.575,43.3236,-5.19,66,92,11.0,JP,2023-01-21 14:09:49
67,san cristobal,-72.225,7.7669,17.28,74,29,0.74,VE,2023-01-21 14:09:49
68,dunedin,170.5036,-45.8742,15.76,55,2,4.33,NZ,2023-01-21 14:09:50
69,scarborough,-0.4044,54.2797,1.06,90,6,2.14,GB,2023-01-21 14:02:20
70,tiksi,128.8694,71.6872,-31.3,95,48,1.75,RU,2023-01-21 14:09:51
71,punta arenas,-70.9167,-53.15,11.06,82,0,2.06,CL,2023-01-21 14:09:52
72,manado,124.8455,1.487,27.43,78,40,0.51,ID,2023-01-21 14:09:52
73,kendari,122.4989,-3.945,31.07,57,97,1.12,ID,2023-01-21 14:09:53
74,manbij,37.9549,36.5281,7.01,83,0,3.14,SY,2023-01-21 14:09:11
75,karratha,116.8463,-20.7377,30.58,60,18,5.14,AU,2023-01-21 14:09:54
76,paamiut,-49.6678,61.994,-19.37,81,8,4.75,GL,2023-01-21 14:09:55
77,bradford,-1.7521,53.7939,0.29,95,6,0.33,GB,2023-01-21 14:09:56
78,roald,6.1333,62.5833,4.08,70,40,6.17,NO,2023-01-21 14:09:57
79,biak,122.8766,-0.9131,25.83,79,100,2.23,ID,2023-01-21 14:09:57
80,codrington,141.9667,-38.2667,20.4,62,100,6.61,AU,2023-01-21 14:09:58
81,alekseyevsk,108.3492,57.8406,-38.49,94,86,1.15,RU,2023-01-21 14:09:59
82,rock springs,-109.2029,41.5875,-11.31,92,0,3.6,US,2023-01-21 14:10:00
83,ballina,153.5667,-28.8667,25.99,70,43,6.58,AU,2023-01-21 14:10:00
84,port elizabeth,25.5701,-33.918,23.39,97,75,1.34,ZA,2023-01-21 14:10:01
85,razole,81.8333,16.4833,23.44,78,93,2.02,IN,2023-01-21 14:10:02
86,provideniya,-173.3,64.3833,-29.66,88,9,2.41,RU,2023-01-21 14:10:03
87,cape town,18.4232,-33.9258,22.43,79,0,2.03,ZA,2023-01-21 14:10:00
88,pevek,170.3133,69.7008,-35.41,100,100,1.58,RU,2023-01-21 14:10:04
89,lapeer,-83.3188,43.0514,-0.04,75,100,3.6,US,2023-01-21 14:10:05
90,slave lake,-114.769,55.2834,1.38,80,71,4.96,CA,2023-01-21 14:05:45
91,laguna,-121.4238,38.421,8.32,68,0,2.57,US,2023-01-21 14:06:06
92,mongomo,11.3135,1.6274,19.71,99,53,1.28,GQ,2023-01-21 14:10:06
93,pisco,-76.2167,-13.7,22.03,78,100,0.51,PE,2023-01-21 14:05:36
94,khammam,80.15,17.25,21.98,80,57,2.06,IN,2023-01-21 14:10:08
95,darhan,105.9228,49.4867,-18.51,96,100,0.53,MN,2023-01-21 14:10:09
96,gazanjyk,55.5154,39.2446,-3.33,68,0,5.33,TM,2023-01-21 14:08:01
97,faanui,-151.75,-16.4833,27.25,73,10,5.88,PF,2023-01-21 14:10:10
98,omsukchan,155.8,62.5333,-31.92,92,100,3.4,RU,2023-01-21 14:10:11
99,canico,-16.85,32.6333,16.51,76,40,5.14,PT,2023-01-21 14:10:12
100,mount isa,139.5,-20.7333,34.87,29,79,3.6,AU,2023-01-21 14:10:12
101,bengkulu,102.2655,-3.8004,26.74,75,100,1.23,ID,2023-01-21 14:10:14
102,mancio lima,-72.8958,-7.6142,20.69,100,100,0.87,BR,2023-01-21 14:10:15
103,kolokani,-8.0339,13.5728,20.19,18,0,1.47,ML,2023-01-21 14:07:22
104,gurupa,-51.64,-1.405,22.51,95,44,1.44,BR,2023-01-21 14:10:16
105,muros,-9.0603,42.7762,12.83,94,99,4.88,ES,2023-01-21 14:10:17
106,whitianga,175.7,-36.8333,25.2,59,99,0.99,NZ,2023-01-21 14:10:18
107,montepuez,38.9997,-13.1256,20.95,96,100,1.67,MZ,2023-01-21 14:08:11
108,madimba,40.3333,-10.4,27.06,80,100,5.82,TZ,2023-01-21 14:10:19
109,clyde river,-68.5914,70.4692,-36.42,98,75,1.64,CA,2023-01-21 14:10:20
110,oksfjord,22.3479,70.2396,3.1,94,93,4.67,NO,2023-01-21 14:10:21
111,touros,-35.4608,-5.1989,25.98,78,61,4.48,BR,2023-01-21 14:10:22
112,bredasdorp,20.0403,-34.5322,18.33,89,0,1.2,ZA,2023-01-21 14:10:16
113,chumikan,135.315,54.7183,-26.32,87,100,7.2,RU,2023-01-21 14:10:23
114,awjilah,21.2869,29.1081,10.3,75,4,2.56,LY,2023-01-21 14:10:24
115,gamboma,15.8644,-1.8764,22.98,83,100,1.86,CG,2023-01-21 14:10:25
116,norman wells,-126.8329,65.282,-19.37,94,91,2.13,CA,2023-01-21 14:10:26
117,ostruznica,20.3192,44.7283,1.17,94,100,1.03,RS,2023-01-21 14:10:26
118,dumai,101.45,1.6833,26.15,86,100,0.22,ID,2023-01-21 14:10:27
119,arroyo,-4.7969,41.6096,4.52,92,20,4.12,ES,2023-01-21 14:10:28
120,xinpu,119.1594,34.5997,4.88,42,4,4.46,CN,2023-01-21 14:08:10
121,los llanos de aridane,-17.9182,28.6585,16.86,70,100,6.69,ES,2023-01-21 14:10:29
122,fethiye,29.1164,36.6217,11.93,76,19,2.2,TR,2023-01-21 14:10:30
123,pinega,43.3936,64.7001,-2.71,98,100,1.81,RU,2023-01-21 14:10:30
124,tasiilaq,-37.6368,65.6145,-12.91,89,33,3.02,GL,2023-01-21 14:10:31
125,port blair,92.75,11.6667,27.02,78,40,3.6,IN,2023-01-21 14:10:32
126,bima,118.7167,-8.4667,28.51,77,66,1.17,ID,2023-01-21 14:10:32
127,vanavara,102.2797,60.34,-43.47,99,58,1.61,RU,2023-01-21 14:10:33
128,yellowknife,-114.3525,62.456,-22.47,76,26,1.79,CA,2023-01-21 14:08:24
129,remontnoye,43.6501,46.5614,-3.9,74,86,9.65,RU,2023-01-21 14:10:34
130,lebu,-73.65,-37.6167,13.86,93,3,3.63,CL,2023-01-21 14:10:35
131,kavaratti,72.642,10.5669,26.43,66,8,3.22,IN,2023-01-21 14:10:36
132,coahuayana,-103.6833,18.7333,20.94,87,85,0.77,MX,2023-01-21 14:10:36
133,bud,-86.1758,39.447,0.26,81,98,2.56,US,2023-01-21 14:10:37
134,mana,-53.7767,5.6592,23.92,90,100,5.74,GF,2023-01-21 14:10:38
135,wanning,110.3967,18.8003,19.97,88,100,3.77,CN,2023-01-21 14:10:38
136,puerto ayora,-90.3518,-0.7393,24.19,96,54,0.89,EC,2023-01-21 14:10:39
137,hasaki,140.8333,35.7333,9.05,41,65,6.87,JP,2023-01-21 14:10:40
138,ponta do sol,-17.1,32.6667,16.51,62,28,2.52,PT,2023-01-21 14:10:41
139,sayyan,44.3244,15.1718,8.02,44,0,1.28,YE,2023-01-21 14:10:42
140,esperance,121.9,-33.8667,23.01,50,0,6.96,AU,2023-01-21 14:10:42
141,dingle,122.6711,10.9995,27.41,78,100,5.6,PH,2023-01-21 14:10:43
142,araouane,-3.5265,18.9048,19.53,16,0,3.19,ML,2023-01-21 14:10:44
143,saskylakh,114.0833,71.9167,-38.39,99,80,1.58,RU,2023-01-21 14:10:44
144,fairbanks,-147.7164,64.8378,-15.6,81,40,0.0,US,2023-01-21 14:10:00
145,isangel,169.2667,-19.55,27.83,74,97,5.94,VU,2023-01-21 14:07:47
146,korla,86.1469,41.7597,-13.39,75,2,0.96,CN,2023-01-21 14:10:46
147,santa ines,-45.38,-3.6667,22.24,97,92,1.21,BR,2023-01-21 14:10:47
148,esna,32.554,25.2934,14.0,32,42,3.63,EG,2023-01-21 14:10:47
149,labuhan,112.2051,-6.8844,29.06,69,52,3.09,ID,2023-01-21 14:10:48
150,qinhuangdao,119.5883,39.9317,-1.76,42,5,2.68,CN,2023-01-21 14:10:49
151,necochea,-58.7368,-38.5473,20.12,93,100,3.94,AR,2023-01-21 14:10:50
152,vulcan,23.2667,45.3833,-2.82,91,52,1.63,RO,2023-01-21 14:10:51
153,lesnoy,63.0784,57.6198,-8.45,85,90,3.51,RU,2023-01-21 14:10:51
154,khatanga,102.5,71.9667,-42.13,99,74,2.24,RU,2023-01-21 14:10:52
155,hofn,-15.2082,64.2539,8.29,96,100,18.01,IS,2023-01-21 14:10:53
156,torbay,-52.7314,47.6666,0.32,95,100,5.81,CA,2023-01-21 14:10:54
157,upernavik,-56.1549,72.7868,-30.59,97,93,0.44,GL,2023-01-21 14:09:43
158,mingguang,117.9638,32.7802,6.56,54,2,5.66,CN,2023-01-21 14:10:55
159,alta floresta,-56.0861,-9.8756,20.9,95,27,1.03,BR,2023-01-21 14:10:56
160,trairi,-39.2689,-3.2778,24.83,83,100,2.58,BR,2023-01-21 14:07:12
161,rio claro,-47.5614,-22.4114,19.48,93,54,0.44,BR,2023-01-21 14:10:57
162,waverly,-84.6208,42.7392,0.09,80,100,2.06,US,2023-01-21 14:10:58
163,hilo,-155.09,19.7297,26.85,70,20,6.17,US,2023-01-21 14:10:59
164,sault sainte marie,-84.3333,46.5168,-9.84,85,75,2.06,CA,2023-01-21 14:09:45
165,thongwa,96.5278,16.7619,24.09,35,2,2.99,MM,2023-01-21 14:11:00
166,grindavik,-22.4338,63.8424,5.26,93,75,12.86,IS,2023-01-21 14:11:01
167,colomi,-65.8667,-17.35,14.01,88,79,2.14,BO,2023-01-21 14:11:01
168,rosetta,30.4164,31.4044,14.83,71,0,2.25,EG,2023-01-21 14:11:02
169,olafsvik,-23.7142,64.8945,3.64,97,100,9.02,IS,2023-01-21 14:11:03
170,buala,159.5921,-8.145,29.64,64,100,1.83,SB,2023-01-21 14:11:04
171,champerico,-91.9167,14.3,25.27,76,0,2.94,GT,2023-01-21 14:11:04
172,meadow lake,-106.5436,34.8014,0.16,56,85,4.52,US,2023-01-21 14:11:05
173,ambilobe,49.05,-13.2,22.64,96,100,0.83,MG,2023-01-21 14:11:06
174,miranda de ebro,-2.947,42.6865,2.77,90,74,1.3,ES,2023-01-21 14:11:08
175,asau,26.4,46.4333,4.51,88,98,3.41,RO,2023-01-21 14:11:08
176,tuscaloosa,-87.5692,33.2098,10.88,59,0,1.54,US,2023-01-21 14:09:22
177,venice,-82.4543,27.0998,21.14,94,100,3.58,US,2023-01-21 14:11:10
178,airai,125.4092,-8.9266,22.19,61,100,1.55,TL,2023-01-21 14:11:10
179,parabel,81.4825,58.6978,-33.16,97,10,3.15,RU,2023-01-21 14:11:11
180,qaanaaq,-69.3632,77.484,-34.11,59,0,3.24,GL,2023-01-21 14:11:12
181,kailua,-157.7394,21.4022,26.99,65,20,6.69,US,2023-01-21 14:11:12
182,acapulco,-99.8901,16.8634,24.9,78,40,0.0,MX,2023-01-21 14:07:51
183,ajdabiya,20.2263,30.7554,11.54,53,0,4.22,LY,2023-01-21 14:11:14
184,talcahuano,-73.1167,-36.7167,14.82,88,0,4.63,CL,2023-01-21 14:11:14
185,kichera,110.0997,55.9375,-30.65,79,53,2.58,RU,2023-01-21 14:11:15
186,chokurdakh,147.9167,70.6333,-35.01,99,96,3.36,RU,2023-01-21 14:11:16
187,moose factory,-80.6094,51.2585,-24.54,100,63,1.72,CA,2023-01-21 14:11:17
188,aklavik,-135.0107,68.2191,-30.32,100,86,0.15,CA,2023-01-21 14:11:17
189,fort smith,-94.3986,35.3859,6.3,59,0,1.54,US,2023-01-21 14:06:24
190,mahajanga,46.3167,-15.7167,27.01,89,75,6.69,MG,2023-01-21 14:11:18
191,plunge,21.8442,55.9114,-4.67,91,100,4.99,LT,2023-01-21 14:11:20
192,atar,-13.0499,20.5169,17.02,33,0,3.14,MR,2023-01-21 14:11:20
193,hachinohe,141.5,40.5,0.1,64,75,6.69,JP,2023-01-21 14:11:21
194,lokosovo,74.8167,61.1333,-20.6,95,100,5.82,RU,2023-01-21 14:11:22
195,libertador general san martin,-64.7876,-23.8064,26.65,35,100,1.65,AR,2023-01-21 14:11:22
196,torre-pacheco,-0.954,37.7429,9.99,75,100,0.51,ES,2023-01-21 14:11:23
197,nikolskoye,30.7861,59.7035,-1.78,97,99,0.94,RU,2023-01-21 14:11:24
198,iqaluit,-68.5145,63.7506,-22.95,76,100,1.77,CA,2023-01-21 14:11:25
199,mount gambier,140.7667,-37.8333,22.0,50,37,5.31,AU,2023-01-21 14:11:25
200,vardo,31.1107,70.3705,0.94,78,23,9.57,NO,2023-01-21 14:11:26
201,constitucion,-72.4167,-35.3333,13.77,88,0,5.15,CL,2023-01-21 14:11:27
202,port macquarie,152.9167,-31.4333,23.83,55,17,5.13,AU,2023-01-21 14:11:27
203,kankan,-9.3057,10.3854,22.68,20,4,1.6,GN,2023-01-21 14:11:28
204,lingao,109.6859,19.9103,18.78,85,100,5.85,CN,2023-01-21 14:11:29
205,ponta delgada,-25.6667,37.7333,14.4,77,75,4.63,PT,2023-01-21 14:11:29
206,surt,16.5887,31.2089,11.16,35,0,6.53,LY,2023-01-21 14:11:30
207,nangong,115.3744,37.3581,0.82,28,1,1.61,CN,2023-01-21 14:11:31
208,ode,5.7117,7.7899,22.46,39,88,1.5,NG,2023-01-21 14:11:32
209,sibu,111.8167,2.3,30.32,65,80,1.02,MY,2023-01-21 14:11:32
210,saint george,-113.5841,37.1041,3.86,56,0,1.34,US,2023-01-21 14:11:27
211,vallenar,-70.7581,-28.5708,20.73,61,0,1.33,CL,2023-01-21 14:11:33
212,muncar,114.3333,-8.4333,29.43,66,44,3.52,ID,2023-01-21 14:11:34
213,hirara,125.2833,24.8,19.1,68,92,7.02,JP,2023-01-21 14:11:35
214,carballo,-8.691,43.213,12.94,95,100,3.29,ES,2023-01-21 14:09:44
215,shimoda,138.95,34.6667,7.84,60,99,4.08,JP,2023-01-21 14:11:36
216,luwuk,122.7875,-0.9516,26.85,81,100,1.69,ID,2023-01-21 14:11:38
217,bandarbeyla,50.8122,9.4942,24.02,67,77,7.83,SO,2023-01-21 14:11:38
218,santa maria del oro,-105.3667,25.9333,10.25,31,5,3.43,MX,2023-01-21 14:11:39
219,qurayyat,37.3428,31.3318,10.01,60,52,1.94,SA,2023-01-21 14:11:40
220,soldotna,-151.0583,60.4878,-1.07,93,0,0.0,US,2023-01-21 14:11:41
221,andra,65.8878,62.5147,-5.58,97,99,1.31,RU,2023-01-21 14:11:41
222,oranjemund,16.4333,-28.55,16.87,93,24,2.31,NA,2023-01-21 14:11:42
223,saldanha,17.9442,-33.0117,17.34,89,0,3.56,ZA,2023-01-21 14:11:43
224,talnakh,88.3972,69.4865,-33.49,87,95,4.69,RU,2023-01-21 14:11:44
225,palauig,119.9045,15.435,28.56,60,83,1.2,PH,2023-01-21 14:11:44
226,dzhebariki-khaya,135.8,62.2167,-46.99,96,89,0.44,RU,2023-01-21 14:11:45
227,nanortalik,-45.2371,60.1432,-7.68,51,1,12.74,GL,2023-01-21 14:11:46
228,vila do maio,-23.2167,15.1333,21.44,70,7,8.49,CV,2023-01-21 14:11:47
229,usinsk,57.5281,65.9939,-4.42,96,100,5.97,RU,2023-01-21 14:11:47
230,tuatapere,167.6833,-46.1333,15.35,52,80,3.39,NZ,2023-01-21 14:11:48
231,juybar,52.9124,36.6412,4.23,77,5,1.55,IR,2023-01-21 14:11:49
232,kavieng,150.7967,-2.5744,28.1,75,92,2.07,PG,2023-01-21 14:11:50
233,kisangani,25.2,0.5167,23.49,72,100,1.3,CD,2023-01-21 14:11:51
234,wasilla,-149.4394,61.5814,-2.0,86,100,2.57,US,2023-01-21 14:11:51
235,jaisalmer,70.9181,26.9147,11.53,62,0,4.17,IN,2023-01-21 14:07:28
236,kudahuvadhoo,72.8944,2.6708,27.0,60,38,5.91,MV,2023-01-21 14:11:52
237,kalmunai,81.8167,7.4167,25.09,81,62,4.28,LK,2023-01-21 14:11:53
238,caravelas,-39.2481,-17.7125,24.76,84,100,3.1,BR,2023-01-21 14:11:52
239,hamilton,-84.5333,39.1834,1.72,73,100,5.66,US,2023-01-21 14:11:54
240,yarada,83.2667,17.65,23.18,94,20,1.54,IN,2023-01-21 14:11:55
241,jega,4.3792,12.2175,21.0,21,7,3.62,NG,2023-01-21 14:11:56
242,padang,100.3543,-0.9492,24.03,77,94,0.58,ID,2023-01-21 14:11:56
243,bam,58.357,29.106,4.33,51,0,2.61,IR,2023-01-21 14:11:57
244,digby,-65.7655,44.6169,0.33,93,100,9.09,CA,2023-01-21 14:11:58
245,seydi,62.9137,39.4816,-5.85,81,97,2.08,TM,2023-01-21 14:11:58
246,izhma,53.9113,65.0083,-3.23,97,100,2.46,RU,2023-01-21 14:11:59
247,itarema,-39.9167,-2.9248,25.36,80,65,4.32,BR,2023-01-21 14:12:00
248,viedma,-62.9967,-40.8135,20.05,75,100,2.7,AR,2023-01-21 14:12:01
249,port hedland,118.5667,-20.3167,32.03,66,66,4.63,AU,2023-01-21 14:12:01
250,mayo,-76.5119,38.8876,6.08,60,0,4.63,US,2023-01-21 14:10:42
251,tiarei,-149.3333,-17.5333,30.01,69,60,3.65,PF,2023-01-21 14:12:03
252,sitka,-135.33,57.0531,7.94,71,100,11.83,US,2023-01-21 14:12:03
253,stokmarknes,14.9108,68.5646,-0.01,86,40,1.03,NO,2023-01-21 14:12:04
254,puteyets,57.091,65.1716,-3.09,96,100,3.58,RU,2023-01-21 14:12:05
255,tigil,158.6667,57.8,-27.08,93,35,0.32,RU,2023-01-21 14:12:05
256,mahbubabad,80.0167,17.6167,21.7,79,71,2.03,IN,2023-01-21 14:12:06
257,trelew,-65.3051,-43.249,21.63,67,89,4.49,AR,2023-01-21 14:10:32
258,nelson bay,152.15,-32.7167,24.44,65,68,4.92,AU,2023-01-21 14:12:08
259,kedrovyy,91.8167,56.1667,-39.52,97,34,1.86,RU,2023-01-21 14:12:09
260,samarai,150.6667,-10.6167,28.92,70,100,0.87,PG,2023-01-21 14:12:10
261,lodja,23.4333,-3.4833,20.01,97,100,1.12,CD,2023-01-21 14:12:11
262,geraldton,114.6,-28.7667,28.23,65,1,4.12,AU,2023-01-21 14:12:11
263,kilrush,-9.4833,52.6397,6.86,94,100,3.69,IE,2023-01-21 14:12:12
264,marzuq,46.4667,14.4,12.18,49,2,0.41,YE,2023-01-21 14:12:13
265,ilembo,33.3833,-9.25,13.45,96,100,2.07,TZ,2023-01-21 14:12:13
266,dongying,118.4856,37.4564,2.27,24,2,3.06,CN,2023-01-21 14:12:14
267,floro,5.0328,61.5996,3.87,75,75,8.23,NO,2023-01-21 14:12:15
268,la ronge,-105.2842,55.1001,-8.24,95,42,2.74,CA,2023-01-21 14:12:16
269,leningradskiy,178.4167,69.3833,-31.07,95,100,5.68,RU,2023-01-21 14:12:16
270,makasar,119.4221,-5.14,29.03,65,20,3.6,ID,2023-01-21 14:11:06
271,bihoro,144.1044,43.8228,-6.85,73,75,4.12,JP,2023-01-21 14:12:17
272,half moon bay,-122.4286,37.4636,10.73,62,0,6.17,US,2023-01-21 14:12:18
273,beringovskiy,179.3167,63.05,-32.97,90,34,1.9,RU,2023-01-21 14:12:19
274,lalganj,85.1833,25.8667,15.97,41,48,2.45,IN,2023-01-21 14:11:29
275,almeirim,-52.5817,-1.5233,22.41,98,47,1.39,BR,2023-01-21 14:12:20
276,broome,-75.833,42.2506,0.95,89,100,4.12,US,2023-01-21 14:12:21
277,omagari,140.4833,39.45,-0.74,83,70,6.9,JP,2023-01-21 14:12:22
278,alofi,-169.9187,-19.0595,29.94,70,75,4.63,NU,2023-01-21 14:08:04
279,santa fe,-60.7,-31.6333,26.12,80,97,4.47,AR,2023-01-21 14:12:23
280,bawku,-0.2417,11.0616,24.03,19,71,3.38,GH,2023-01-21 14:12:24
281,nizwa,57.5333,22.9333,12.91,81,0,1.08,OM,2023-01-21 14:12:25
282,talara,-81.2719,-4.5772,22.16,78,71,4.72,PE,2023-01-21 14:12:26
283,souillac,57.5167,-20.5167,25.29,83,100,2.17,MU,2023-01-21 14:12:27
284,hassleholm,13.7664,56.1591,-0.12,92,13,1.72,SE,2023-01-21 14:12:27
285,kindu,25.95,-2.95,20.09,99,98,1.1,CD,2023-01-21 14:12:28
286,malinovoye ozero,79.7825,51.6753,-19.7,100,96,2.43,RU,2023-01-21 14:12:29
287,talavera de la reina,-4.8308,39.9635,7.38,87,48,0.9,ES,2023-01-21 14:12:30
288,nishihara,127.7558,26.1842,19.6,52,75,3.6,JP,2023-01-21 14:12:30
289,craig,-107.5464,40.5153,-10.21,73,100,0.0,US,2023-01-21 14:12:31
290,sawakin,37.3321,19.1059,25.2,72,92,2.04,SD,2023-01-21 14:12:32
291,vila franca do campo,-25.4333,37.7167,14.23,72,99,3.08,PT,2023-01-21 14:12:33
292,lorengau,147.2712,-2.0226,28.09,76,100,3.09,PG,2023-01-21 14:12:34
293,waddan,16.139,29.1614,6.56,22,0,1.91,LY,2023-01-21 14:12:35
294,camacha,-16.3333,33.0833,13.68,77,20,5.14,PT,2023-01-21 14:12:35
295,hami,93.45,42.8,-8.2,43,100,1.68,CN,2023-01-21 14:12:36
296,sohag,31.6948,26.557,11.66,37,24,2.92,EG,2023-01-21 14:12:37
297,henties bay,14.2845,-22.116,18.26,89,89,1.33,NA,2023-01-21 14:12:37
298,kruisfontein,24.7314,-34.0033,22.16,97,39,0.75,ZA,2023-01-21 14:12:38
299,vidalia,-82.4135,32.2177,12.97,54,0,2.06,US,2023-01-21 14:12:39
300,pangnirtung,-65.7125,66.1451,-29.97,93,99,2.66,CA,2023-01-21 14:12:40
301,bemidji,-94.8803,47.4736,-4.95,100,100,5.14,US,2023-01-21 14:12:40
302,ewo,14.8206,-0.8725,23.78,76,99,2.15,CG,2023-01-21 14:12:41
303,marienheide,7.5333,51.0833,-3.64,91,6,2.08,DE,2023-01-21 14:12:42
304,bathsheba,-59.5167,13.2167,25.34,69,40,9.77,BB,2023-01-21 14:12:42
305,dire,-10.9667,12.2833,23.0,19,0,0.76,ML,2023-01-21 14:12:43
306,maltahohe,16.9833,-24.8333,22.45,49,84,5.67,NA,2023-01-21 14:12:44
307,svetlogorsk,29.7333,52.6333,1.91,88,100,4.96,BY,2023-01-21 14:12:44
308,bethel,-73.414,41.3712,5.42,72,100,3.09,US,2023-01-21 14:12:45
309,kamenka,42.7678,51.3223,-7.03,80,100,6.16,RU,2023-01-21 14:12:46
310,jinka,36.65,5.65,17.52,33,83,1.01,ET,2023-01-21 14:12:46
311,penapolis,-50.0775,-21.4197,21.18,94,98,2.47,BR,2023-01-21 14:12:47
312,sept-iles,-66.3821,50.2001,-9.97,76,79,1.79,CA,2023-01-21 14:12:48
313,asadabad,48.1185,34.7824,-3.01,75,1,0.99,IR,2023-01-21 14:12:49
314,malanville,3.3899,11.8685,21.68,20,55,2.9,BJ,2023-01-21 14:12:49
315,xining,101.7667,36.6167,-9.57,42,100,0.86,CN,2023-01-21 14:12:50
316,namibe,12.1522,-15.1961,22.74,75,100,0.63,AO,2023-01-21 14:12:51
317,hay river,-115.7999,60.8156,-14.37,98,59,1.04,CA,2023-01-21 14:12:52
318,zhigalovo,105.1578,54.8097,-36.69,96,100,0.48,RU,2023-01-21 14:12:52
319,rancho palos verdes,-118.387,33.7445,12.77,81,0,1.79,US,2023-01-21 14:12:54
320,kaeo,173.7833,-35.1,23.77,64,97,2.47,NZ,2023-01-21 14:12:55
321,miles city,-105.8406,46.4083,-0.46,74,0,4.63,US,2023-01-21 14:12:56
322,neiafu,-173.9833,-18.65,30.38,74,40,5.14,TO,2023-01-21 14:12:57
323,bongandanga,21.05,1.5,23.41,51,100,0.91,CD,2023-01-21 14:11:21
324,sayat,63.8803,38.7839,-4.64,77,96,0.06,TM,2023-01-21 14:12:58
325,jiaohe,127.3447,43.7286,-15.46,70,100,0.69,CN,2023-01-21 14:12:59
326,zhigansk,123.3711,66.7697,-42.91,97,73,2.51,RU,2023-01-21 14:12:59
327,petropavlovsk-kamchatskiy,158.6483,53.0452,-12.67,52,0,5.0,RU,2023-01-21 14:13:00
328,kon tum,108.0,14.35,25.97,56,45,3.38,VN,2023-01-21 14:13:01
329,tiznit,-9.5,29.5833,10.78,60,0,0.37,MA,2023-01-21 14:13:01
330,longview,-94.7405,32.5007,10.14,61,20,1.54,US,2023-01-21 14:08:56
331,tangier,-5.8137,35.7806,12.64,100,40,1.03,MA,2023-01-21 14:13:03
332,poronaysk,143.1167,49.2167,-18.49,63,1,3.42,RU,2023-01-21 14:13:03
333,kodiak,-152.4072,57.79,0.73,80,100,6.69,US,2023-01-21 14:13:04
334,sidi ali,0.4206,36.0998,9.01,87,19,2.49,DZ,2023-01-21 14:13:05
335,imbituba,-48.6703,-28.24,21.72,92,9,3.64,BR,2023-01-21 14:13:05
336,ust-kulom,53.6902,61.6864,-3.79,88,100,3.98,RU,2023-01-21 14:13:06
337,ilulissat,-51.1,69.2167,-20.99,71,100,3.6,GL,2023-01-21 14:13:07
338,kagadi,30.7967,0.9606,18.89,51,88,0.95,UG,2023-01-21 14:13:08
339,lodwar,35.5973,3.1191,25.74,39,90,3.99,KE,2023-01-21 14:13:09
340,yaan,8.5667,7.3833,24.34,24,55,1.84,NG,2023-01-21 14:13:09
341,kharan,65.4167,28.5833,4.75,53,0,3.92,PK,2023-01-21 14:13:10
342,chuy,-53.4616,-33.6971,22.24,86,99,6.0,UY,2023-01-21 14:13:11
343,pitimbu,-34.8086,-7.4706,25.33,77,39,3.77,BR,2023-01-21 14:13:12
344,katsuura,140.3,35.1333,7.3,37,10,4.76,JP,2023-01-21 14:12:43
345,cockburn town,-71.1419,21.4612,24.85,82,35,6.39,TC,2023-01-21 14:13:13
346,opuwo,13.84,-18.0607,19.29,69,100,1.07,NA,2023-01-21 14:13:13
347,maneadero,-116.5667,31.7167,11.17,74,0,1.34,MX,2023-01-21 14:13:01
348,tayshet,98.0044,55.9342,-41.0,98,64,0.97,RU,2023-01-21 14:13:15
349,grand baie,57.5802,-20.0182,24.69,90,100,1.34,MU,2023-01-21 14:13:15
350,porto belo,-48.5531,-27.1578,23.97,85,24,1.24,BR,2023-01-21 14:13:16
351,luderitz,15.1594,-26.6481,17.96,84,4,6.93,NA,2023-01-21 14:13:17
352,durango,-104.8333,24.8333,10.09,33,32,2.92,MX,2023-01-21 14:10:06
353,oda,132.5,35.1833,4.91,61,99,0.94,JP,2023-01-21 14:11:55
354,fortuna,-124.1573,40.5982,6.48,92,0,0.0,US,2023-01-21 14:13:19
355,raisinghnagar,73.4492,29.5358,11.21,59,66,3.12,IN,2023-01-21 14:13:20
356,quatis,-44.2581,-22.4072,19.33,98,100,1.15,BR,2023-01-21 14:13:20
357,saint-augustin,-58.6502,51.226,-9.58,85,100,3.15,CA,2023-01-21 14:13:21
358,avera,-82.5271,33.194,11.03,56,98,4.18,US,2023-01-21 14:13:22
359,paris,2.3488,48.8534,4.32,82,100,7.6,FR,2023-01-21 14:06:47
360,waipawa,175.5153,-41.4122,16.49,65,36,3.91,NZ,2023-01-21 14:09:06
361,jizan,42.6667,17.3333,24.18,78,0,2.18,SA,2023-01-21 14:13:23
362,malabang,124.0703,7.5903,28.14,71,83,1.34,PH,2023-01-21 14:13:24
363,nichinan,131.3667,31.6,9.87,56,46,0.88,JP,2023-01-21 14:13:25
364,yeppoon,150.7333,-23.1333,28.88,65,38,6.84,AU,2023-01-21 14:13:25
365,ifakara,36.6833,-8.1333,21.25,98,100,0.46,TZ,2023-01-21 14:13:26
366,norrtalje,18.705,59.758,-0.87,76,84,1.6,SE,2023-01-21 14:13:27
367,yulara,130.9889,-25.2406,31.47,17,5,3.88,AU,2023-01-21 14:13:28
368,bilibino,166.4372,68.0546,-37.34,100,100,1.2,RU,2023-01-21 14:13:28
369,rio gallegos,-69.2181,-51.6226,13.2,70,98,4.59,AR,2023-01-21 14:11:38
370,kirakira,161.9205,-10.4544,29.42,68,93,2.85,SB,2023-01-21 14:13:30
371,nome,-165.4064,64.5011,-21.96,84,75,2.57,US,2023-01-21 14:13:31
372,tomino,-8.755,41.9877,13.52,97,92,2.06,ES,2023-01-21 14:13:31
373,chifeng,118.9636,42.2683,-5.96,39,19,5.23,CN,2023-01-21 14:13:32
374,teguldet,88.1667,57.3064,-39.98,94,6,2.03,RU,2023-01-21 14:13:33
375,noumea,166.4572,-22.2763,27.78,99,100,5.13,NC,2023-01-21 14:06:26
376,husavik,-17.3389,66.0449,7.59,85,100,13.45,IS,2023-01-21 14:13:34
377,chapais,-74.8492,49.7834,-15.99,98,100,0.52,CA,2023-01-21 14:13:35
378,tommerup,10.2066,55.3195,1.69,93,38,2.83,DK,2023-01-21 14:13:36
379,fukue,128.8419,32.6881,7.22,54,99,3.4,JP,2023-01-21 14:13:37
380,flin flon,-101.865,54.7682,-11.63,97,72,2.01,CA,2023-01-21 14:13:38
381,nouadhibou,-17.0347,20.931,17.23,85,0,7.23,MR,2023-01-21 14:13:39
382,salinopolis,-47.3561,-0.6136,25.54,84,88,4.03,BR,2023-01-21 14:13:41
383,matinhos,-48.5428,-25.8175,23.09,87,29,0.46,BR,2023-01-21 14:13:41
384,aksarka,67.7975,66.5606,-10.37,97,100,2.11,RU,2023-01-21 14:13:42
385,elverum,11.5623,60.8819,-20.24,100,37,1.32,NO,2023-01-21 14:13:43
386,san patricio,-97.5169,28.017,16.92,77,100,6.78,US,2023-01-21 14:13:43
387,adra,-3.0206,36.7496,13.81,62,4,1.75,ES,2023-01-21 14:13:44
388,imeni poliny osipenko,136.4853,52.4201,-23.6,90,100,1.45,RU,2023-01-21 14:13:45
389,sangmelima,11.9833,2.9333,17.87,98,58,1.02,CM,2023-01-21 14:13:46
390,ananas,-71.9557,19.2466,18.63,94,6,1.75,HT,2023-01-21 14:13:46
391,broken hill,141.4333,-31.95,28.61,17,41,2.64,AU,2023-01-21 14:13:47
392,arrecife,-13.5477,28.963,16.99,67,40,7.2,ES,2023-01-21 14:13:48
393,burnie,145.9167,-41.0667,19.97,53,88,4.09,AU,2023-01-21 14:13:12
394,kangaba,-8.4167,11.9333,22.45,18,0,1.33,ML,2023-01-21 14:13:49
395,moerai,-151.3333,-22.4333,25.45,75,100,4.08,PF,2023-01-21 14:13:50
396,pangkalanbuun,111.6167,-2.6833,30.72,59,100,1.44,ID,2023-01-21 14:13:51
397,marawi,124.2928,7.9986,25.99,62,89,2.45,PH,2023-01-21 14:13:51
398,xichang,102.2634,27.8964,9.7,44,0,1.52,CN,2023-01-21 14:13:52
399,erzin,36.2,36.9559,10.07,60,0,2.92,TR,2023-01-21 14:13:53
400,malanje,16.341,-9.5402,16.41,99,100,1.65,AO,2023-01-21 14:13:53
401,shaunavon,-108.4181,49.6501,-3.6,69,100,5.75,CA,2023-01-21 14:13:54
402,mubende,31.39,0.5606,16.87,69,80,0.44,UG,2023-01-21 14:13:55
403,kushiro,144.3747,42.975,-4.84,63,19,6.59,JP,2023-01-21 14:13:55
404,sobolevo,31.8996,54.4299,1.01,92,100,3.58,RU,2023-01-21 14:13:56
405,shenkursk,42.896,62.1091,0.53,99,100,2.63,RU,2023-01-21 14:13:57
406,mabaruma,-59.7833,8.2,21.11,99,100,1.02,GY,2023-01-21 14:13:57
407,bowen,148.2333,-20.0167,28.13,63,10,6.38,AU,2023-01-21 14:13:59
408,natal,-35.2094,-5.795,25.36,88,20,2.57,BR,2023-01-21 14:09:12
409,yining,114.5636,29.0361,8.75,54,88,0.35,CN,2023-01-21 14:14:00
410,kongolo,27.0,-5.3833,20.14,98,100,0.87,CD,2023-01-21 14:14:00
411,dunmanway,-9.1167,51.7167,8.51,97,98,1.22,IE,2023-01-21 14:14:01
412,uryupinsk,42.0138,50.8047,-6.26,82,100,6.31,RU,2023-01-21 14:14:02
413,tripoli,13.1875,32.8752,11.7,57,37,5.9,LY,2023-01-21 14:14:03
414,naze,129.4833,28.3667,13.91,65,85,4.03,JP,2023-01-21 14:14:03
415,zhanakorgan,67.2495,43.9098,-3.61,52,0,4.36,KZ,2023-01-21 14:14:04
416,severo-kurilsk,156.125,50.6789,-6.14,65,75,4.77,RU,2023-01-21 14:14:05
417,salalah,54.0924,17.0151,19.05,30,0,3.09,OM,2023-01-21 14:14:06
418,nishio,137.05,34.8667,8.38,39,58,7.19,JP,2023-01-21 14:14:06
419,biskamzha,89.5272,53.4497,-22.01,96,100,1.38,RU,2023-01-21 14:14:07
420,kamaishi,141.8833,39.2667,1.88,48,90,3.99,JP,2023-01-21 14:14:08
421,sorland,12.6934,67.667,2.92,68,34,2.2,NO,2023-01-21 14:14:09
422,zhezkazgan,67.7144,47.8043,-14.01,66,0,5.0,KZ,2023-01-21 14:14:09
423,perelyub,50.3667,51.8667,-14.06,84,4,3.92,RU,2023-01-21 14:14:10
424,mazyr,29.2456,52.0495,2.02,87,100,5.45,BY,2023-01-21 14:14:11
425,coronado,-117.1831,32.6859,12.77,74,20,3.09,US,2023-01-21 14:14:11
426,comodoro rivadavia,-67.5,-45.8667,17.06,90,100,3.93,AR,2023-01-21 14:14:12
427,urumqi,87.6005,43.801,-13.47,85,100,3.0,CN,2023-01-21 14:14:13
428,limbang,115.0,4.75,31.06,61,52,0.51,MY,2023-01-21 14:14:14
429,mitsamiouli,43.2844,-11.3847,27.76,80,100,7.96,KM,2023-01-21 14:14:14
430,batemans bay,150.1833,-35.7167,22.28,55,86,3.83,AU,2023-01-21 14:14:15
431,gualeguay,-59.3097,-33.1416,21.92,91,100,7.06,AR,2023-01-21 14:14:16
432,sisimiut,-53.6735,66.9395,-19.74,95,100,6.66,GL,2023-01-21 14:10:32
433,kuruman,23.4325,-27.4524,21.11,53,73,2.48,ZA,2023-01-21 14:14:17
434,narsaq,-46.05,60.9167,-22.82,69,0,2.92,GL,2023-01-21 14:14:18
435,nazira,94.7333,26.9167,17.87,53,14,0.74,IN,2023-01-21 14:14:19
436,marsh harbour,-77.0636,26.5412,23.49,71,14,2.08,BS,2023-01-21 14:14:20
437,devonport,146.35,-41.1667,22.27,54,83,3.64,AU,2023-01-21 14:14:20
438,sarahan,77.8,31.5167,-1.49,70,8,4.05,IN,2023-01-21 14:14:22
439,strezhevoy,77.5889,60.7333,-29.28,92,100,4.53,RU,2023-01-21 14:14:22
440,buchanan,-10.0467,5.8808,25.81,86,100,3.11,LR,2023-01-21 14:14:23
441,zhangjiakou,114.8794,40.81,-7.5,46,9,2.15,CN,2023-01-21 14:14:24
442,rawson,-65.1023,-43.3002,19.67,79,91,4.24,AR,2023-01-21 14:14:24
443,howard springs,131.047,-12.497,33.23,59,67,2.94,AU,2023-01-21 14:14:25
444,qiongshan,110.3542,20.0058,18.87,84,100,6.25,CN,2023-01-21 14:14:26
445,planadas,-75.6451,3.197,18.52,92,99,1.64,CO,2023-01-21 14:14:27
446,tabou,-7.3528,4.423,25.56,86,100,2.65,CI,2023-01-21 14:14:28
447,ammokhorion,21.4833,40.7833,4.59,92,89,2.82,GR,2023-01-21 14:14:29
448,vostok,135.8833,46.4856,-25.35,70,5,2.69,RU,2023-01-21 14:14:29
449,wilmington,-77.9447,34.2257,7.22,71,0,1.54,US,2023-01-21 14:10:28
450,west bay,-81.4167,19.3667,25.04,80,20,2.57,KY,2023-01-21 14:14:30
451,luganville,167.1667,-15.5333,28.97,74,98,3.22,VU,2023-01-21 14:14:31
452,ahipara,173.1667,-35.1667,22.56,69,98,3.86,NZ,2023-01-21 14:14:32
453,san ramon,-121.978,37.7799,9.9,65,0,3.6,US,2023-01-21 14:10:18
454,north bend,-124.2243,43.4065,6.07,93,0,1.54,US,2023-01-21 14:14:33
455,gazli,63.45,40.1333,-6.0,84,81,3.41,UZ,2023-01-21 14:14:34
456,santa maria da vitoria,-44.1886,-13.3947,20.68,92,100,1.14,BR,2023-01-21 14:14:34
457,tazovskiy,78.7,67.4667,-28.32,84,100,9.04,RU,2023-01-21 14:14:35
458,jasper,-94.3502,37.2001,2.15,80,0,2.57,US,2023-01-21 14:14:36
459,koshurnikovo,93.3,54.1667,-27.56,95,97,1.35,RU,2023-01-21 14:14:38
460,morden,-98.1014,49.1919,-9.09,81,70,5.31,CA,2023-01-21 14:13:15
461,toora-khem,96.11,52.4675,-18.82,88,100,2.14,RU,2023-01-21 14:14:39
462,oakham,-0.7333,52.6667,0.64,92,6,3.09,GB,2023-01-21 14:14:40
463,tianpeng,103.9393,30.9866,9.29,62,98,1.11,CN,2023-01-21 14:14:42
464,tara,74.371,56.8944,-17.46,97,99,2.98,RU,2023-01-21 14:14:43
465,monte mor,-47.3158,-22.9467,20.64,100,20,2.06,BR,2023-01-21 14:14:44
466,vila velha,-40.2925,-20.3297,22.97,97,75,0.0,BR,2023-01-21 14:14:44
467,novikovo,37.8879,51.1537,-2.4,64,100,6.77,RU,2023-01-21 14:14:45
468,vanderhoof,-124.0198,54.0166,-4.71,97,78,1.44,CA,2023-01-21 14:14:46
469,george town,100.3354,5.4112,27.96,78,20,4.12,MY,2023-01-21 14:12:00
470,banjar,114.9675,-8.19,29.63,67,71,1.18,ID,2023-01-21 14:14:47
471,shenjiamen,122.298,29.9576,8.79,65,95,5.24,CN,2023-01-21 14:14:48
472,kaitangata,169.8464,-46.2817,16.77,49,2,4.24,NZ,2023-01-21 14:14:48
473,nisia floresta,-35.2086,-6.0911,25.45,82,17,2.45,BR,2023-01-21 14:14:49
474,rocha,-54.3333,-34.4833,21.55,87,100,6.24,UY,2023-01-21 14:14:50
475,karksi-nuia,25.5628,58.1033,-4.01,95,100,1.2,EE,2023-01-21 14:14:50
476,den helder,4.7593,52.9599,-0.01,93,1,2.57,NL,2023-01-21 14:14:51
477,kushima,131.2333,31.4583,10.6,53,41,0.81,JP,2023-01-21 14:14:52
478,siniscola,9.6922,40.5719,3.75,82,58,4.61,IT,2023-01-21 14:14:52
479,kieta,155.6333,-6.2167,29.38,65,100,1.27,PG,2023-01-21 14:14:53
480,saint anthony,-93.218,45.0205,-6.03,93,100,4.12,US,2023-01-21 14:14:54
481,bani,-70.3333,18.2833,20.69,82,1,3.27,DO,2023-01-21 14:14:55
482,findochty,-2.901,57.6974,3.28,78,100,12.07,GB,2023-01-21 14:14:56
483,bereda,-7.5406,43.2686,11.19,100,100,1.65,ES,2023-01-21 14:14:57
484,hagere hiywet,37.85,8.9833,12.24,44,43,2.01,ET,2023-01-21 14:14:57
485,curitibanos,-50.5844,-27.2828,16.02,97,72,1.79,BR,2023-01-21 14:14:58
486,gat,34.7642,31.61,13.0,51,1,1.72,IL,2023-01-21 14:14:59
487,san miguel,-88.1833,13.4833,23.07,71,20,0.99,SV,2023-01-21 14:14:59
488,achutupo,-77.9833,9.2,25.72,81,55,5.11,PA,2023-01-21 14:15:00
489,fuerte olimpo,-57.8738,-21.0415,27.01,61,53,3.15,PY,2023-01-21 14:15:01
490,arman,150.1667,59.7,-24.44,77,97,3.57,RU,2023-01-21 14:15:01
491,faya,42.4509,18.3851,6.29,66,0,0.34,SA,2023-01-21 14:15:03
492,flinders,150.8552,-34.5833,25.1,62,76,1.79,AU,2023-01-21 14:15:04
493,sola,167.55,-13.8833,28.04,72,95,3.54,VU,2023-01-21 14:15:04
494,coihaique,-72.0662,-45.5752,16.97,72,75,1.03,CL,2023-01-21 14:15:06
495,san buenaventura,-101.5333,27.0833,16.93,83,0,2.38,MX,2023-01-21 14:15:07
496,tambacounda,-13.7586,13.7539,22.76,25,4,3.36,SN,2023-01-21 14:15:07
497,yatou,122.3833,37.15,1.23,33,2,4.56,CN,2023-01-21 14:15:08
498,port hardy,-127.4199,50.6996,6.37,92,100,7.66,CA,2023-01-21 14:15:09
499,berea,-81.8543,41.3662,2.08,82,100,3.6,US,2023-01-21 14:13:31
500,ellisras,27.7443,-23.6649,19.8,55,10,1.69,ZA,2023-01-21 14:15:11
501,ahraura,83.0167,25.0167,17.27,39,94,1.46,IN,2023-01-21 14:15:11
502,khanpur,70.6567,28.6453,10.72,60,0,3.62,PK,2023-01-21 14:15:12
503,college,-147.8028,64.8569,-15.61,81,75,0.0,US,2023-01-21 14:15:13
504,port lincoln,135.8667,-34.7333,20.47,60,63,6.91,AU,2023-01-21 14:15:14
505,kenai,-151.2583,60.5544,-1.03,93,100,0.0,US,2023-01-21 14:15:14
506,lahat,103.5333,-3.8,26.2,84,100,0.48,ID,2023-01-21 14:15:15
507,pacific grove,-121.9166,36.6177,8.82,73,0,1.54,US,2023-01-21 14:14:50
508,adrar,-10.0711,20.5022,16.34,32,0,3.95,MR,2023-01-21 14:15:16
509,poum,164.0167,-20.2333,27.32,86,100,14.69,NC,2023-01-21 14:15:17
510,taoudenni,-3.9836,22.6783,15.59,18,0,5.11,ML,2023-01-21 14:15:18
511,makakilo city,-158.0858,21.3469,26.18,65,0,6.17,US,2023-01-21 14:15:19
512,perbaungan,98.956,3.5679,24.06,78,100,2.79,ID,2023-01-21 14:15:19
513,ginda,78.4932,30.6945,3.26,64,15,3.65,IN,2023-01-21 14:15:20
514,shingu,135.9833,33.7333,8.6,35,0,1.14,JP,2023-01-21 14:15:21
515,envira,-70.2167,-7.3,20.67,100,98,1.03,BR,2023-01-21 14:15:21
516,kungurtug,97.5228,50.5994,-17.75,94,100,1.6,RU,2023-01-21 14:15:22
517,guerrero negro,-114.0611,27.9769,14.74,67,0,7.62,MX,2023-01-21 14:15:23
518,haines junction,-137.5108,60.7522,-4.03,97,100,1.79,CA,2023-01-21 14:15:24
519,pucallpa,-74.5539,-8.3791,22.02,100,75,0.0,PE,2023-01-21 14:15:24
520,koungheul,-14.8,13.9833,21.48,31,2,4.5,SN,2023-01-21 14:15:25
521,sosua,-70.5167,19.7667,23.99,94,20,0.0,DO,2023-01-21 14:13:34
522,balkanabat,54.3671,39.5108,0.84,50,0,2.34,TM,2023-01-21 14:15:27
523,huarmey,-78.1522,-10.0681,21.21,82,97,2.94,PE,2023-01-21 14:15:28
524,innisfail,146.0333,-17.5333,28.47,64,99,4.32,AU,2023-01-21 14:15:29
525,nantucket,-70.0995,41.2835,3.41,93,100,4.63,US,2023-01-21 14:13:28
526,lusambo,23.45,-4.9667,20.0,99,100,1.08,CD,2023-01-21 14:15:30
527,belle fourche,-103.8522,44.6714,0.05,58,95,3.43,US,2023-01-21 14:15:30
528,namatanai,152.4333,-3.6667,29.48,70,100,2.61,PG,2023-01-21 14:15:31
529,slubice,14.5607,52.3509,-0.8,84,100,2.68,PL,2023-01-21 14:15:37
530,victoria,114.1577,22.2855,18.87,79,94,4.92,HK,2023-01-21 14:14:16
531,wuwei,102.6414,37.9281,-5.81,24,92,0.66,CN,2023-01-21 14:15:39
532,zeerust,26.0751,-25.5369,19.55,60,50,2.32,ZA,2023-01-21 14:15:39
533,muisne,-80.0333,0.6,24.66,84,83,2.49,EC,2023-01-21 14:15:40
534,atbasar,68.3333,51.8,-18.17,83,50,2.08,KZ,2023-01-21 14:15:41
535,sumter,-82.0831,28.7086,20.01,75,98,2.26,US,2023-01-21 14:15:42
536,mahibadhoo,72.9667,3.7833,27.21,63,91,6.09,MV,2023-01-21 14:15:43
537,ilam,87.9167,26.9167,14.13,52,1,1.06,NP,2023-01-21 14:15:44
538,inuvik,-133.7218,68.3499,-22.58,77,100,0.0,CA,2023-01-21 14:10:45
539,urusha,122.9,54.05,-35.61,78,54,0.76,RU,2023-01-21 14:15:45
540,coolum beach,153.1,-26.5333,27.28,76,49,1.79,AU,2023-01-21 14:15:46
541,cayenne,-52.3333,4.9333,25.02,88,75,3.6,GF,2023-01-21 14:14:28
542,umm lajj,37.2685,25.0213,21.72,60,100,0.6,SA,2023-01-21 14:15:47
543,nhulunbuy,136.7667,-12.2333,31.34,66,75,4.63,AU,2023-01-21 14:15:48
544,aloleng,119.7824,16.1307,29.08,58,61,3.67,PH,2023-01-21 14:15:48
545,shetpe,52.1167,44.1667,-4.57,78,0,3.82,KZ,2023-01-21 14:15:49
546,guasdualito,-70.7324,7.2424,24.23,54,96,1.11,VE,2023-01-21 14:15:50
547,muriae,-42.3664,-21.1306,20.72,98,99,0.71,BR,2023-01-21 14:15:51
548,sur,59.5289,22.5667,19.43,46,0,4.14,OM,2023-01-21 14:15:51
549,kurilsk,147.8833,45.2333,-5.47,81,100,10.18,RU,2023-01-21 14:15:52
550,saint-pierre,55.4781,-21.3393,27.82,65,0,2.06,RE,2023-01-21 14:15:53
551,bambey,-16.4493,14.6955,16.59,71,1,4.47,SN,2023-01-21 14:15:53
552,san quintin,-115.95,30.4833,13.16,68,0,3.76,MX,2023-01-21 14:15:54
553,wadi musa,35.4793,30.3222,7.47,53,4,1.14,JO,2023-01-21 14:15:55
554,green river,-109.4662,41.5286,-10.78,100,40,1.28,US,2023-01-21 14:15:56
555,ust-koksa,85.6108,50.2696,-15.91,97,100,1.58,RU,2023-01-21 14:15:57
556,lelydorp,-55.2333,5.7,23.3,94,91,0.73,SR,2023-01-21 14:15:57
557,jaru,-62.4664,-10.4389,21.35,98,53,1.51,BR,2023-01-21 14:15:58
558,cidreira,-50.2056,-30.1811,23.69,88,67,6.77,BR,2023-01-21 14:15:59
559,quang ngai,108.8,15.1167,20.91,86,100,3.35,VN,2023-01-21 14:15:59
560,aleksandrov gay,48.5704,50.147,-9.0,78,9,4.53,RU,2023-01-21 14:16:00
561,narimanov,47.8498,46.6927,-9.05,77,2,6.94,RU,2023-01-21 14:16:01
562,dubuque,-90.8668,42.4833,-2.75,76,100,4.63,US,2023-01-21 14:13:45
563,fallon,-118.7774,39.4735,-4.07,74,20,0.0,US,2023-01-21 14:11:03
564,xuddur,43.8894,4.1213,20.36,72,82,8.31,SO,2023-01-21 14:16:03
565,sinjar,41.8754,36.3209,7.4,55,0,1.19,IQ,2023-01-21 14:16:03
566,ust-karsk,118.8077,52.7011,-33.47,93,100,1.08,RU,2023-01-21 14:16:04
567,kibala,18.3463,9.1104,22.77,22,79,2.23,TD,2023-01-21 14:16:06
568,mbaiki,17.9892,3.8678,21.07,30,98,1.04,CF,2023-01-21 14:16:06
569,olinda,-34.8553,-8.0089,26.85,74,40,2.57,BR,2023-01-21 14:16:07
570,mirebalais,-72.1053,18.8333,23.4,80,5,0.84,HT,2023-01-21 14:16:08
571,portland,-122.6762,45.5234,4.23,92,100,2.68,US,2023-01-21 14:09:49
572,berlevag,29.0864,70.8578,2.0,75,20,9.26,NO,2023-01-21 14:16:09
573,antofagasta,-70.4,-23.65,18.6,79,55,2.68,CL,2023-01-21 14:13:46
574,katobu,122.5276,-4.9408,30.46,62,73,1.96,ID,2023-01-21 14:16:11
575,malmyzh,50.6818,56.5205,-10.13,82,100,4.84,RU,2023-01-21 14:16:11
576,narasannapeta,84.05,18.4167,24.29,68,82,2.05,IN,2023-01-21 14:16:12
577,salina cruz,-95.2,16.1667,25.38,72,40,1.57,MX,2023-01-21 14:16:13
578,dhidhdhoo,73.1,6.8833,25.74,66,2,2.74,MV,2023-01-21 14:16:13
579,luorong,109.6086,24.4058,14.79,39,43,1.34,CN,2023-01-21 14:16:14
580,arlit,7.3853,18.7369,17.74,12,0,3.39,NE,2023-01-21 14:16:15
581,tra vinh,106.3453,9.9347,27.44,70,97,1.95,VN,2023-01-21 14:16:16
582,grand gaube,57.6608,-20.0064,25.22,90,100,1.34,MU,2023-01-21 14:16:17
583,tabas,56.9244,33.5959,3.89,44,0,1.24,IR,2023-01-21 14:16:17
584,rosarito,-117.0333,32.3333,12.04,62,0,3.43,MX,2023-01-21 14:16:18
585,ilinskiy,38.1182,55.619,-0.27,74,0,5.0,RU,2023-01-21 14:16:19
586,kwinana,115.7667,-32.25,36.62,31,0,3.58,AU,2023-01-21 14:16:20
587,lasa,10.7002,46.6166,-6.28,93,71,3.67,IT,2023-01-21 14:16:20
588,nago,127.9761,26.5881,19.47,61,100,2.36,JP,2023-01-21 14:16:21
